{
  "Ansi 7 Color (Light)" : {
    "Red Component" : 0.7810397744178772,
    "Color Space" : "sRGB",
    "Blue Component" : 0.78104829788208008,
    "Alpha Component" : 1,
    "Green Component" : 0.78105825185775757
  },
  "Brighten Bold Text (Light)" : true,
  "Ansi 15 Color (Light)" : {
    "Red Component" : 0.99999600648880005,
    "Color Space" : "sRGB",
    "Blue Component" : 1,
    "Alpha Component" : 1,
    "Green Component" : 1
  },
  "Ansi 2 Color (Light)" : {
    "Red Component" : 0,
    "Color Space" : "sRGB",
    "Blue Component" : 0,
    "Alpha Component" : 1,
    "Green Component" : 0.7607843279838562
  },
  "Bold Color" : {
    "Red Component" : 0.99999600648880005,
    "Color Space" : "sRGB",
    "Blue Component" : 1,
    "Alpha Component" : 1,
    "Green Component" : 1
  },
  "Ansi 1 Color (Dark)" : {
    "Red Component" : 0.92549020051956177,
    "Color Space" : "sRGB",
    "Blue Component" : 0.40000000596046448,
    "Alpha Component" : 1,
    "Green Component" : 0.37254902720451355
  },
  "Use Bright Bold" : true,
  "Ansi 9 Color (Light)" : {
    "Red Component" : 0.8659515380859375,
    "Color Space" : "sRGB",
    "Blue Component" : 0.45833224058151245,
    "Alpha Component" : 1,
    "Green Component" : 0.47524076700210571
  },
  "Ansi 8 Color (Dark)" : {
    "Red Component" : 0.20000000298023224,
    "Color Space" : "sRGB",
    "Blue Component" : 0.20000000298023224,
    "Alpha Component" : 1,
    "Green Component" : 0.20000000298023224
  },
  "Use Bright Bold (Dark)" : true,
  "Background Color" : {
    "Red Component" : 0.20392157137393951,
    "Color Space" : "sRGB",
    "Blue Component" : 0.27450981736183167,
    "Alpha Component" : 1,
    "Green Component" : 0.23921568691730499
  },
  "Ansi 8 Color" : {
    "Red Component" : 0.20000000298023224,
    "Color Space" : "sRGB",
    "Blue Component" : 0.20000000298023224,
    "Alpha Component" : 1,
    "Green Component" : 0.20000000298023224
  },
  "Columns" : 80,
  "Right Option Key Sends" : 2,
  "Ansi 4 Color (Light)" : {
    "Red Component" : 0.15404300391674042,
    "Color Space" : "sRGB",
    "Blue Component" : 0.78216177225112915,
    "Alpha Component" : 1,
    "Green Component" : 0.26474356651306152
  },
  "Blinking Cursor" : false,
  "Selected Text Color (Light)" : {
    "Red Component" : 0,
    "Color Space" : "sRGB",
    "Blue Component" : 0,
    "Alpha Component" : 1,
    "Green Component" : 0
  },
  "Selected Text Color (Dark)" : {
    "Red Component" : 0.84705883264541626,
    "Color Space" : "sRGB",
    "Blue Component" : 0.91372549533843994,
    "Alpha Component" : 1,
    "Green Component" : 0.87058824300765991
  },
  "Ansi 3 Color (Dark)" : {
    "Red Component" : 0.97647058963775635,
    "Color Space" : "sRGB",
    "Blue Component" : 0.34509804844856262,
    "Alpha Component" : 1,
    "Green Component" : 0.68235296010971069
  },
  "Keyboard Map" : {

  },
  "Visual Bell" : true,
  "Cursor Text Color" : {
    "Red Component" : 0.99999600648880005,
    "Color Space" : "sRGB",
    "Blue Component" : 1,
    "Alpha Component" : 1,
    "Green Component" : 1
  },
  "Scrollback Lines" : 1000,
  "Selection Color (Light)" : {
    "Red Component" : 0.70196080207824707,
    "Color Space" : "sRGB",
    "Blue Component" : 1,
    "Alpha Component" : 1,
    "Green Component" : 0.84313726425170898
  },
  "Ansi 0 Color" : {
    "Red Component" : 0,
    "Color Space" : "sRGB",
    "Blue Component" : 0,
    "Alpha Component" : 1,
    "Green Component" : 0
  },
  "Match Background Color (Dark)" : {
    "Red Component" : 1,
    "Color Space" : "P3",
    "Blue Component" : 0,
    "Alpha Component" : 1,
    "Green Component" : 1
  },
  "Ansi 11 Color (Light)" : {
    "Red Component" : 0.9259033203125,
    "Color Space" : "sRGB",
    "Blue Component" : 0,
    "Alpha Component" : 1,
    "Green Component" : 0.8833775520324707
  },
  "Ansi 5 Color (Dark)" : {
    "Red Component" : 0.7764706015586853,
    "Color Space" : "sRGB",
    "Blue Component" : 0.7764706015586853,
    "Alpha Component" : 1,
    "Green Component" : 0.58431375026702881
  },
  "Cursor Text Color (Light)" : {
    "Red Component" : 1,
    "Color Space" : "sRGB",
    "Blue Component" : 1,
    "Alpha Component" : 1,
    "Green Component" : 1
  },
  "Silence Bell" : false,
  "Rows" : 25,
  "Guid" : "B0A63224-7D11-4D56-AC13-866E36E86224",
  "Ansi 14 Color (Dark)" : {
    "Red Component" : 0.50980395078659058,
    "Color Space" : "sRGB",
    "Blue Component" : 0.76862746477127075,
    "Alpha Component" : 1,
    "Green Component" : 0.76862746477127075
  },
  "Use Cursor Guide (Dark)" : false,
  "Ansi 15 Color (Dark)" : {
    "Red Component" : 0.99999600648880005,
    "Color Space" : "sRGB",
    "Blue Component" : 1,
    "Alpha Component" : 1,
    "Green Component" : 1
  },
  "Ansi 0 Color (Dark)" : {
    "Red Component" : 0,
    "Color Space" : "sRGB",
    "Blue Component" : 0,
    "Alpha Component" : 1,
    "Green Component" : 0
  },
  "Ambiguous Double Width" : false,
  "Option Key Sends" : 2,
  "Ansi 3 Color" : {
    "Red Component" : 0.97647058963775635,
    "Color Space" : "sRGB",
    "Blue Component" : 0.34509804844856262,
    "Alpha Component" : 1,
    "Green Component" : 0.68235296010971069
  },
  "Window Type" : 0,
  "Smart Cursor Color (Dark)" : false,
  "BM Growl" : true,
  "Prompt Before Closing 2" : false,
  "Command" : "",
  "Smart Cursor Color (Light)" : false,
  "Use Bright Bold (Light)" : true,
  "Use Selected Text Color (Light)" : true,
  "Selected Text Color" : {
    "Red Component" : 0.84705883264541626,
    "Color Space" : "sRGB",
    "Blue Component" : 0.91372549533843994,
    "Alpha Component" : 1,
    "Green Component" : 0.87058824300765991
  },
  "Ansi 14 Color (Light)" : {
    "Red Component" : 0.37597531080245972,
    "Color Space" : "sRGB",
    "Blue Component" : 1,
    "Alpha Component" : 1,
    "Green Component" : 0.99263292551040649
  },
  "Cursor Guide Color (Dark)" : {
    "Red Component" : 0.70213186740875244,
    "Color Space" : "sRGB",
    "Blue Component" : 1,
    "Alpha Component" : 0.25,
    "Green Component" : 0.9268307089805603
  },
  "Send Code When Idle" : false,
  "Ansi 6 Color" : {
    "Red Component" : 0.37254902720451355,
    "Color Space" : "sRGB",
    "Blue Component" : 0.70588237047195435,
    "Alpha Component" : 1,
    "Green Component" : 0.70588237047195435
  },
  "Jobs to Ignore" : [
    "rlogin",
    "ssh",
    "slogin",
    "telnet"
  ],
  "Badge Color (Dark)" : {
    "Red Component" : 1,
    "Color Space" : "sRGB",
    "Blue Component" : 0,
    "Alpha Component" : 0.5,
    "Green Component" : 0.1491314172744751
  },
  "Use Underline Color (Light)" : false,
  "Cursor Color" : {
    "Red Component" : 0.98628383874893188,
    "Color Space" : "sRGB",
    "Blue Component" : 0.41740471124649048,
    "Alpha Component" : 1,
    "Green Component" : 0.73527485132217407
  },
  "Vertical Spacing" : 1,
  "Minimum Contrast (Light)" : 0,
  "Disable Window Resizing" : true,
  "Use Selected Text Color (Dark)" : true,
  "Close Sessions On End" : true,
  "Selection Color (Dark)" : {
    "Red Component" : 0.30588236451148987,
    "Color Space" : "sRGB",
    "Blue Component" : 0.3960784375667572,
    "Alpha Component" : 1,
    "Green Component" : 0.35294118523597717
  },
  "Default Bookmark" : "No",
  "Bound Hosts" : [

  ],
  "Minimum Contrast (Dark)" : 0,
  "Custom Command" : "No",
  "Foreground Color (Light)" : {
    "Red Component" : 0.062745098039215672,
    "Color Space" : "sRGB",
    "Blue Component" : 0.062745098039215672,
    "Alpha Component" : 1,
    "Green Component" : 0.062745098039215672
  },
  "Ansi 9 Color" : {
    "Red Component" : 0.97647058963775635,
    "Color Space" : "sRGB",
    "Blue Component" : 0.34509804844856262,
    "Alpha Component" : 1,
    "Green Component" : 0.48235294222831726
  },
  "Background Color (Dark)" : {
    "Red Component" : 0.20392157137393951,
    "Color Space" : "sRGB",
    "Blue Component" : 0.27450981736183167,
    "Alpha Component" : 1,